<?xml version="1.0" encoding="UTF-8" ?>
<!DOCTYPE mapper PUBLIC "-//mybatis.org//DTD Mapper 3.0//EN" "http://mybatis.org/dtd/mybatis-3-mapper.dtd" >
<mapper namespace="top.auhuy.mapper.VisitRecordMapper">

    <resultMap id="visitRecord" type="top.auhuy.entity.VisitRecord">
        <id property="id" column="id"/>
        <result property="pv" column="pv"/>
        <result property="uv" column="uv"/>
        <result property="date" column="date"/>
    </resultMap>

    <!--按天数查询访问记录-->
    <select id="getVisitRecordListByLimit" resultMap="visitRecord">
        select pv, uv, date from visit_record order by id desc limit #{limit}
    </select>

    <!--添加访问记录-->
    <insert id="saveVisitRecord" parameterType="top.auhuy.entity.VisitRecord" useGeneratedKeys="true" keyProperty="id">
        insert into visit_record (pv, uv, date) values (#{pv}, #{uv}, #{date})
    </insert>
</mapper>